1,adam.anderson@makers.tech,password2,Adam,Anderson,gardenofadam,/public/user_pfps/anderson_adam.jpg
2,bailey.brown@makers.tech,12345,Bailey,Brown,deniedbailey,/public/user_pfps/brown_bailey.jpg
3,carol.clark@makers.tech,qwerty,Carol,Clark,clarkcent,/public/user_pfps/clark_carol.jpg
4,duncan.davis@makers.tech,hunter2,Duncan,Davis,duncandisorderly,/public/user_pfps/davis_duncan.jpg
5,ellen.ellis@makers.tech,asdfghjkl,Ellen,Ellis,ellsbells,/public/user_pfps/ellis_ellen.jpg
6,gordon.freeman@makers.tech,blackmesa1,Gordon,Freeman,noplsgman,/public/user_pfps/freeman_gordon.jpg
7,hannah.hamilton@makers.tech,picture1,Hannah,Hamilton,hanham,/public/user_pfps/hamilton_hannah.jpg
8,ian.ibsen@makers.tech,password,Ian,Ibsen,dibsonibs,/public/user_pfps/ibsen_ian.jpg
9,joshua.jones@makers.tech,senha,Joshua,Jones,jayjay,/public/user_pfps/jones_joshua.jpg
10,kelly.kennedy@makers.tech,abc123,Kelly,Kennedy,badluckgirl,/public/user_pfps/kennedy_kelly.jpg
11,liam.lewis@makers.tech,million2,Liam,Lewis,bigl,/public/user_pfps/lewis_liam.jpg
12,mavis.miller@makers.tech,000000,Mavis,Miller,marvelatmavis,/public/user_pfps/miller_mavis.jpg
13,nelson.newman@makers.tech,iloveyou,Nelson,Newman,haa-haa,/public/user_pfps/newman_nelson.jpg
14,oliver.owens@makers.tech,aaron431,Oliver,Owens,olio,/public/user_pfps/owens_oliver.jpg
15,pamela.powell@makers.tech,covfefe,Pamela,Powell,pampampam,/public/user_pfps/powell_pamela.jpg
16,queenie.quartermaine@makers.tech,password1,Queenie,Quartermaine,q_q,/public/user_pfps/quartermaine_queenie.jpg
17,robert.rogers@makers.tech,qqww1122,Robert,Rogers,thecabinboy,/public/user_pfps/roger_roberts.jpg
18,sarah.smith@makers.tech,pokemon,Sarah,Smith,sasparilla,/public/user_pfps/smith_sarah.jpg
19,taylor.thompson@makers.tech,blink182,Taylor,Thompson,callmet,/public/user_pfps/thompson_taylor.jpg
20,ulysses.upright@makers.tech,batman,Ulysses,Upright,fitemirl,/public/user_pfps/upright_ulysses.jpg
